Player,Team,Mat,Inns,NO,Runs,Avg,SR,100s,50s,Bowl_Inns,Overs,Wkts,Bowl_Avg,Econ,BBI,4w,5w,Runs_Per_Match,Boundary_Contribution_Score,Batting_Impact,Bowl_StrikeRate,Bowling_Impact,Match_Contribution
Rahmanullah Gurbaz,Afghanistan,55,55,1,1400,25.93,137.25,0,9,0,0.0,0,0.0,0.0,0,0,0,25.454545454545453,450,192150.0,,0.0,1.0
Ibrahim Zadran,Afghanistan,31,30,2,677,24.17,113.57,0,4,0,0.0,0,0.0,0.0,0,0,0,21.838709677419356,200,76886.89,,0.0,0.967741935483871
Mohammad Nabi,Afghanistan,113,98,16,1825,22.25,139.05,0,4,100,348.1,89,28.1,7.18,04-Oct,2,0,16.150442477876105,200,253766.25000000003,23.467415730337084,639.02,1.752212389380531
Najibullah Zadran,Afghanistan,97,84,18,1712,25.93,139.28,0,6,0,0.0,0,0.0,0.0,0,0,0,17.649484536082475,300,238447.36000000002,,0.0,0.865979381443299
Azmatullah Omarzai,Afghanistan,34,26,9,407,23.94,139.04,0,1,28,80.0,20,34.45,8.61,Mar-22,0,0,11.970588235294118,50,56589.28,24.0,172.2,1.588235294117647
Rashid Khan,Afghanistan,85,46,18,370,13.21,134.31,0,0,84,302.4,139,15.74,7.23,05-Mar,2,2,4.352941176470588,0,49694.700000000004,13.053237410071942,1004.97,1.5294117647058822
Fazalhaq Farooqi,Afghanistan,42,9,4,34,6.8,87.17,0,0,42,154.5,55,22.78,8.09,Mar-18,0,0,0.8095238095238095,0,2963.78,16.854545454545455,444.95,1.2142857142857142
Mujeeb Ur Rahman,Afghanistan,43,12,7,44,8.8,97.77,0,0,43,155.3,49,25.24,7.96,Mar-16,0,0,1.0232558139534884,0,4301.88,19.016326530612247,390.04,1.2790697674418605
Naveen-ul-Haq,Afghanistan,33,4,2,9,4.5,90.0,0,0,33,115.4,44,23.86,9.08,Mar-21,0,0,0.2727272727272727,0,810.0,15.736363636363638,399.52,1.121212121212121
Karim Janat,Afghanistan,55,47,10,814,22.0,129.29,0,0,34,101.3,37,30.59,11.14,05-Nov,1,1,14.8,0,105242.06,16.427027027027027,412.18,1.4727272727272727
Gulbadin Naib,Afghanistan,60,49,12,807,21.81,128.88,0,2,39,104.5,27,35.07,9.04,Feb-18,0,0,13.45,100,104006.16,23.22222222222222,244.07999999999998,1.4666666666666666
Sharafuddin Ashraf,Afghanistan,22,9,6,40,13.33,100.0,0,0,22,74.0,23,22.0,6.85,Mar-27,0,0,1.8181818181818181,0,4000.0,19.304347826086957,157.54999999999998,1.4090909090909092
Qais Ahmad,Afghanistan,11,2,0,5,2.5,83.33,0,0,11,35.0,13,23.3,8.66,Mar-25,0,0,0.45454545454545453,0,416.65,16.153846153846153,112.58,1.1818181818181819
Fareed Ahmad,Afghanistan,41,6,2,24,6.0,96.0,0,0,41,146.0,41,30.17,8.46,Mar-14,0,0,0.5853658536585366,0,2304.0,21.365853658536587,346.86,1.146341463414634
Noor Ahmad,Afghanistan,16,4,2,14,7.0,100.0,0,0,16,56.0,13,30.0,6.96,04-Oct,1,0,0.875,0,1400.0,25.846153846153847,90.48,1.25
Najmul Hossain Shanto,Bangladesh,39,39,1,1137,29.13,117.43,0,8,1,1.0,0,0.0,0.0,0,0,0,29.153846153846153,400,133517.91,,0.0,1.0256410256410255
Towhid Hridoy,Bangladesh,30,28,3,548,21.92,121.12,0,2,0,0.0,0,0.0,0.0,0,0,0,18.266666666666666,100,66373.76000000001,,0.0,0.9333333333333333
Litton Das,Bangladesh,79,78,5,1720,22.34,128.36,0,10,0,0.0,0,0.0,0.0,0,0,0,21.772151898734176,500,220779.2,,0.0,0.9873417721518988
Jaker Ali,Bangladesh,9,8,3,116,23.2,116.16,0,0,0,0.0,0,0.0,0.0,0,0,0,12.88888888888889,0,13474.56,,0.0,0.8888888888888888
Shakib Al Hasan,Bangladesh,122,114,21,2438,26.21,122.11,0,12,121,453.5,146,21.13,6.8,May-20,2,2,19.983606557377048,600,297704.18,18.636986301369863,992.8,1.9262295081967213
Mahmudullah,Bangladesh,135,118,39,2223,28.13,117.86,0,6,60,119.0,39,29.87,9.78,Mar-18,0,0,16.466666666666665,300,262002.78,18.307692307692307,381.41999999999996,1.3185185185185184
Rishad Hossain,Bangladesh,11,6,4,30,15.0,136.36,0,0,11,41.0,13,21.84,6.93,Mar-22,0,0,2.727272727272727,0,4090.8,18.923076923076923,90.09,1.5454545454545454
Mahedi Hasan,Bangladesh,47,33,12,305,14.52,111.51,0,0,46,158.5,41,24.9,6.42,Mar-19,0,0,6.48936170212766,0,34010.55,23.195121951219512,263.21999999999997,1.6808510638297873
Taskin Ahmed,Bangladesh,61,14,9,49,9.8,118.6,0,0,61,216.0,59,28.61,7.81,Apr-16,1,0,0.8032786885245902,0,5811.4,21.966101694915253,460.78999999999996,1.2295081967213115
Mustafizur Rahman,Bangladesh,93,18,11,79,11.29,92.94,0,0,92,343.3,107,22.72,7.07,May-22,1,1,0.8494623655913979,0,7342.26,19.250467289719627,756.49,1.1827956989247312
Tanzim Hasan Sakib,Bangladesh,8,2,2,2,0.0,66.66,0,0,8,27.0,9,18.0,6.0,02-Oct,0,0,0.25,0,133.32,18.0,54.0,1.25
Shoriful Islam,Bangladesh,42,6,4,20,10.0,95.23,0,0,42,140.0,52,24.57,9.12,Mar-21,0,0,0.47619047619047616,0,1904.6000000000001,16.153846153846153,474.23999999999995,1.1428571428571428
Nasum Ahmed,Bangladesh,39,10,3,48,8.0,94.11,0,0,38,137.5,38,26.34,7.26,04-Oct,1,0,1.2307692307692308,0,4517.28,21.710526315789473,275.88,1.2307692307692308
Tanzid Hasan,Bangladesh,5,5,0,97,19.4,107.77,0,0,0,0.0,0,0.0,0.0,0,0,0,19.4,0,10453.69,,0.0,1.0
Hasan Mahmud,Bangladesh,30,6,3,9,4.5,81.81,0,0,30,99.0,39,27.07,7.59,Mar-47,0,0,0.3,0,736.29,15.23076923076923,296.01,1.2
Jos Buttler,England,118,110,15,3152,33.18,145.9,1,24,2,2.0,1,12.0,6.0,01-Jul,0,0,26.71186440677966,1300,459876.80000000005,12.0,6.0,0.9491525423728814
Phil Salt,England,24,23,0,639,27.78,169.52,1,4,0,0.0,0,0.0,0.0,0,0,0,26.625,300,108323.28000000001,,0.0,0.9583333333333334
Harry Brook,England,27,25,3,561,25.5,144.02,0,3,0,0.0,0,0.0,0.0,0,0,0,20.77777777777778,150,80795.22,,0.0,0.9259259259259259
Will Jacks,England,14,14,1,324,24.92,152.11,0,1,3,5.0,0,29.0,11.6,0/13,0,0,23.142857142857142,50,49283.64000000001,,0.0,1.2142857142857142
Liam Livingstone,England,45,39,7,531,16.59,148.75,1,1,38,92.1,29,29.27,9.22,Mar-16,0,0,11.8,150,78986.25,19.055172413793102,267.38,1.711111111111111
Moeen Ali,England,91,70,17,1226,23.13,144.88,0,7,83,211.0,50,29.88,7.07,Mar-24,0,0,13.472527472527473,350,177622.88,25.32,353.5,1.6813186813186813
Sam Curran,England,43,27,13,206,14.71,130.38,0,0,42,144.5,48,21.02,6.96,05-Oct,2,1,4.790697674418604,0,26858.28,18.0625,334.08,1.6046511627906976
Chris Jordan,England,92,44,14,518,17.26,141.51,0,0,91,319.4,96,27.36,8.22,04-Jun,1,0,5.630434782608695,0,73302.18,19.9625,789.1200000000001,1.4673913043478262
Reece Topley,England,25,6,5,9,9.0,100.0,0,0,25,88.5,27,25.59,7.77,Mar-22,0,0,0.36,0,900.0,19.666666666666668,209.79,1.24
Mark Wood,England,33,6,5,27,27.0,108.0,0,0,32,120.0,49,20.79,8.48,03-Sep,0,0,0.8181818181818182,0,2916.0,14.693877551020408,415.52000000000004,1.1515151515151516
Adil Rashid,England,103,18,10,83,10.37,104.9,0,0,101,359.3,109,25.4,6.92,04-Feb,1,0,0.8058252427184466,0,8706.7,19.777981651376148,754.28,1.1553398058252426
Jofra Archer,England,15,5,3,35,17.5,150.0,0,0,15,52.0,21,18.66,7.53,Apr-33,1,0,2.3333333333333335,0,5250.0,14.857142857142858,158.13,1.3333333333333333
Ben Duckett,England,16,16,1,467,31.13,143.51,0,4,0,0.0,0,0.0,0.0,0,0,0,29.1875,200,67019.17,,0.0,1.0
Brydon Carse,England,7,3,2,26,26.0,104.0,0,0,7,24.0,10,22.6,9.41,Mar-33,0,0,3.7142857142857144,0,2704.0,14.4,94.1,1.4285714285714286
Gus Atkinson,England,6,1,1,5,0.0,100.0,0,0,6,18.0,9,22.77,11.38,Mar-30,0,0,0.8333333333333334,0,500.0,12.0,102.42,1.1666666666666667
Paul Stirling,Ireland,145,143,6,3565,26.05,135.27,1,23,24,59.0,20,30.3,10.27,Mar-21,0,0,24.586206896551722,1250,482237.55000000005,17.7,205.39999999999998,1.1517241379310346
Andrew Balbirnie,Ireland,101,98,5,1971,21.19,122.52,0,8,0,0.0,0,0.0,0.0,0,0,0,19.514851485148515,400,241486.91999999998,,0.0,0.9702970297029703
Harry Tector,Ireland,74,69,13,1410,25.17,128.57,0,8,0,0.0,0,0.0,0.0,0,0,0,19.054054054054053,400,181283.69999999998,,0.0,0.9324324324324325
Lorcan Tucker,Ireland,69,61,7,1091,20.2,123.65,0,5,0,0.0,0,0.0,0.0,0,0,0,15.81159420289855,250,134902.15,,0.0,0.8840579710144928
Curtis Campher,Ireland,43,35,10,574,22.96,129.04,0,3,34,101.2,31,33.93,10.38,Apr-20,1,0,13.348837209302326,150,74068.95999999999,19.58709677419355,321.78000000000003,1.6046511627906976
George Dockrell,Ireland,123,79,27,1197,22.98,131.94,0,3,78,226.3,82,27.82,10.08,Apr-20,1,0,9.731707317073171,150,157932.18,16.558536585365857,826.5600000000001,1.2764227642276422
Mark Adair,Ireland,88,43,17,436,16.76,132.51,0,1,87,303.0,120,22.37,8.85,Apr-13,4,0,4.954545454545454,50,57774.35999999999,15.15,1062.0,1.4772727272727273
Gareth Delany,Ireland,71,63,6,991,17.39,131.89,0,4,41,111.5,39,33.43,11.65,Feb-21,0,0,13.95774647887324,200,130702.98999999999,17.153846153846153,454.35,1.4647887323943662
Barry McCarthy,Ireland,65,29,13,246,15.37,136.66,0,1,64,214.3,72,28.68,9.61,Apr-30,1,0,3.7846153846153845,50,33618.36,17.858333333333334,691.92,1.4307692307692308
Josh Little,Ireland,72,10,4,31,7.75,96.87,0,0,72,266.4,83,26.83,8.35,Apr-45,2,0,0.4305555555555556,0,3002.9700000000003,19.257831325301204,693.05,1.1388888888888888
Ben White,Ireland,19,5,3,9,4.5,100.0,0,0,19,69.0,20,29.0,8.4,Feb-28,0,0,0.47368421052631576,0,900.0,20.7,168.0,1.263157894736842
Craig Young,Ireland,68,9,6,23,7.66,92.0,0,0,67,233.5,70,28.35,8.48,Apr-13,1,0,0.3382352941176471,0,2116.0,20.014285714285716,593.6,1.1176470588235294
Fionn Hand,Ireland,13,6,2,27,6.75,100.0,0,0,13,34.2,9,37.33,9.79,Feb-17,0,0,2.076923076923077,0,2700.0,22.8,88.10999999999999,1.4615384615384615
Neil Rock,Ireland,25,20,7,202,15.53,117.81,0,0,0,0.0,0,0.0,0.0,0,0,0,8.08,0,23797.62,,0.0,0.8
Theo van Woerkom,Ireland,5,2,0,4,2.0,57.14,0,0,5,18.0,4,26.75,5.94,Feb-19,0,0,0.8,0,228.56,27.0,23.76,1.4
Glenn Phillips,New Zealand,68,59,11,1634,34.04,144.63,2,8,11,26.0,2,52.5,4.03,01-Nov,0,0,24.029411764705884,600,236325.41999999998,78.0,8.06,1.0294117647058822
Mark Chapman,New Zealand,72,65,11,1450,26.85,134.04,1,7,4,6.3,1,50.0,7.69,01-Jun,0,0,20.13888888888889,450,194358.0,37.8,7.69,0.9583333333333334
Finn Allen,New Zealand,43,43,0,1104,25.67,163.76,1,5,0,0.0,0,0.0,0.0,0,0,0,25.674418604651162,350,180791.03999999998,,0.0,1.0
Daryl Mitchell,New Zealand,59,51,16,1250,35.71,139.13,0,6,6,9.0,3,32.66,10.9,01-Jul,0,0,21.1864406779661,300,173912.5,18.0,32.7,0.9661016949152542
Tim Seifert,New Zealand,52,49,4,950,21.11,131.94,0,6,0,0.0,0,0.0,0.0,0,0,0,18.26923076923077,300,125343.0,,0.0,0.9423076923076923
Mitchell Santner,New Zealand,100,67,20,651,13.84,122.78,0,1,96,350.0,111,22.35,7.1,04-Nov,2,0,6.51,50,79929.78,18.91891891891892,788.0999999999999,1.63
James Neesham,New Zealand,73,56,17,824,21.12,151.98,0,0,52,139.0,42,30.28,9.15,Mar-16,0,0,11.287671232876713,0,125231.51999999999,19.857142857142858,384.3,1.4794520547945205
Ish Sodhi,New Zealand,104,30,15,147,9.8,97.36,0,0,103,374.2,126,24.0,8.08,Apr-28,2,0,1.4134615384615385,0,14311.92,17.819047619047616,1018.08,1.2788461538461537
Tim Southee,New Zealand,120,36,21,295,19.66,136.57,0,0,118,425.1,157,23.0,8.5,May-18,1,1,2.4583333333333335,0,40288.15,16.24585987261147,1334.5,1.2833333333333334
Lockie Ferguson,New Zealand,43,7,5,27,13.5,108.0,0,0,43,152.3,62,23.45,9.54,May-21,1,1,0.627906976744186,0,2916.0,14.738709677419356,591.4799999999999,1.1627906976744187
Adam Milne,New Zealand,47,14,7,94,13.42,121.05,0,0,46,162.0,58,24.36,8.72,May-26,2,1,2.0,0,11378.699999999999,16.75862068965517,505.76000000000005,1.2765957446808511
Trent Boult,New Zealand,55,10,6,24,6.0,80.0,0,0,54,190.4,74,21.56,8.37,Apr-13,2,0,0.43636363636363634,0,1920.0,15.437837837837838,619.38,1.1636363636363636
Rachin Ravindra,New Zealand,25,23,3,274,13.7,127.72,0,2,17,43.0,11,38.81,9.93,Mar-22,0,0,10.96,100,34995.28,23.454545454545453,109.22999999999999,1.6
Ben Sears,New Zealand,16,2,2,6,0.0,120.0,0,0,16,59.5,20,27.1,9.06,Mar-19,0,0,0.375,0,720.0,17.85,181.20000000000002,1.125
Matt Henry,New Zealand,18,6,3,39,13.0,105.4,0,0,18,62.3,23,25.04,9.22,Mar-36,0,0,2.1666666666666665,0,4110.6,16.252173913043475,212.06,1.3333333333333333
Babar Azam,Pakistan,119,114,15,4145,41.03,130.47,3,39,0,0.0,0,0.0,0.0,0,0,0,34.831932773109244,2250,540798.15,,0.0,0.957983193277311
Mohammad Rizwan,Pakistan,96,87,16,3266,45.99,127.85,1,29,0,0.0,0,0.0,0.0,0,0,0,34.020833333333336,1550,417558.1,,0.0,0.90625
Fakhar Zaman,Pakistan,88,85,3,1733,21.12,130.92,0,9,0,0.0,0,0.0,0.0,0,0,0,19.693181818181817,450,226884.36,,0.0,0.9659090909090909
Iftikhar Ahmed,Pakistan,64,53,18,1043,29.8,136.74,0,4,20,27.0,8,36.75,10.89,Feb-30,0,0,16.296875,200,142619.82,20.25,87.12,1.140625
Shadab Khan,Pakistan,105,62,16,632,13.74,138.95,0,1,104,374.0,107,24.25,6.93,04-Aug,1,0,6.019047619047619,50,87816.4,20.97196261682243,741.51,1.5809523809523809
Azam Khan,Pakistan,15,14,1,160,12.3,127.0,0,0,0,0.0,0,0.0,0.0,0,0,0,10.666666666666666,0,20320.0,,0.0,0.9333333333333333
Saim Ayub,Pakistan,20,20,0,395,19.75,137.39,0,1,0,0.0,0,0.0,0.0,0,0,0,19.75,50,54269.049999999996,,0.0,1.0
Ihsanullah,Pakistan,6,1,0,6,6.0,120.0,0,0,6,19.0,6,19.83,6.26,Feb-17,0,0,1.0,0,720.0,19.0,37.56,1.1666666666666667
Shaheen Afridi,Pakistan,66,15,8,68,9.71,118.96,0,0,65,242.2,91,21.24,7.97,Apr-22,1,0,1.0303030303030303,0,8089.28,15.969230769230768,725.27,1.2121212121212122
Naseem Shah,Pakistan,20,6,4,37,18.5,100.0,0,0,20,72.0,20,27.3,7.58,02-Jul,0,0,1.85,0,3700.0,21.6,151.6,1.3
Mohammad Wasim Jr,Pakistan,31,15,5,94,9.4,110.58,0,0,30,106.1,36,27.0,9.14,Mar-24,0,0,3.032258064516129,0,10394.52,17.68333333333333,329.04,1.4516129032258065
Imad Wasim,Pakistan,75,44,19,486,19.44,133.0,0,0,74,263.1,65,27.03,6.67,Mar-20,0,0,6.48,0,64638.0,24.286153846153848,433.55,1.5733333333333333
Abrar Ahmed,Pakistan,6,2,2,10,0.0,100.0,0,0,6,18.0,7,18.28,7.11,Feb-15,0,0,1.6666666666666667,0,1000.0,15.428571428571429,49.77,1.3333333333333333
Usama Mir,Pakistan,14,5,3,28,14.0,112.0,0,0,14,45.0,11,32.54,7.96,Feb-23,0,0,2.0,0,3136.0,24.545454545454547,87.56,1.3571428571428572
Zaman Khan,Pakistan,10,1,1,0,0.0,0.0,0,0,10,38.0,14,21.42,7.89,Feb-20,0,0,0.0,0,0.0,16.285714285714285,110.46,1.1
Aiden Markram,South Africa,56,49,9,1585,39.63,148.18,0,10,13,24.4,7,26.85,7.63,Mar-21,0,0,28.303571428571427,500,234865.30000000002,20.91428571428571,53.41,1.1071428571428572
Reeza Hendricks,South Africa,59,56,1,1623,29.14,131.18,0,14,0,0.0,0,0.0,0.0,0,0,0,27.508474576271187,700,212905.14,,0.0,0.9491525423728814
Quinton de Kock,South Africa,88,88,7,2277,28.11,137.4,1,14,0,0.0,0,0.0,0.0,0,0,0,25.875,800,312859.8,,0.0,1.0
Heinrich Klaasen,South Africa,49,46,6,993,24.82,150.68,1,6,0,0.0,0,0.0,0.0,0,0,0,20.26530612244898,400,149625.24000000002,,0.0,0.9387755102040817
David Miller,South Africa,114,101,36,2268,34.89,144.0,2,6,1,1.0,0,0.0,0.0,0,0,0,19.894736842105264,500,326592.0,,0.0,0.8947368421052632
Tristan Stubbs,South Africa,21,18,2,387,24.18,149.42,0,2,1,1.0,0,0.0,0.0,0,0,0,18.428571428571427,100,57825.53999999999,,0.0,0.9047619047619048
Marco Jansen,South Africa,15,9,5,92,23.0,147.61,0,0,15,53.0,19,20.63,7.39,Mar-27,0,0,6.133333333333334,0,13580.12,16.736842105263158,140.41,1.6
Keshav Maharaj,South Africa,36,13,5,63,15.75,100.0,0,0,36,124.2,37,25.45,7.57,Feb-21,0,0,1.75,0,6300.0,20.14054054054054,280.09000000000003,1.3611111111111112
Tabraiz Shamsi,South Africa,65,6,2,17,8.5,85.0,0,0,65,238.2,78,23.37,7.64,May-24,3,1,0.26153846153846155,0,1445.0,18.323076923076922,595.92,1.0923076923076922
Kagiso Rabada,South Africa,56,16,9,139,19.85,120.17,0,0,56,204.0,58,26.48,7.52,Mar-20,0,0,2.482142857142857,0,16703.63,21.103448275862068,436.15999999999997,1.2857142857142858
Anrich Nortje,South Africa,32,6,4,17,8.5,89.47,0,0,32,116.5,38,22.68,7.37,04-Oct,1,0,0.53125,0,1520.99,18.394736842105264,280.06,1.1875
Gerald Coetzee,South Africa,8,2,1,5,5.0,62.5,0,0,8,29.0,9,26.0,8.06,Mar-32,0,0,0.625,0,312.5,19.333333333333332,72.54,1.25
Lungi Ngidi,South Africa,40,6,4,27,13.5,90.0,0,0,40,142.2,60,20.9,8.8,May-39,2,1,0.675,0,2430.0,14.219999999999999,528.0,1.15
Bjorn Fortuin,South Africa,20,3,2,6,6.0,66.66,0,0,20,71.0,26,22.23,6.58,Mar-16,0,0,0.3,0,399.96,16.384615384615383,171.08,1.15
Ottniel Baartman,South Africa,3,1,1,0,0.0,0.0,0,0,3,11.0,7,8.71,5.54,04-Oct,1,0,0.0,0,0.0,9.428571428571429,38.78,1.3333333333333333
Kusal Mendis,Sri Lanka,65,63,4,1466,24.83,128.03,0,9,0,0.0,0,0.0,0.0,0,0,0,22.553846153846155,450,187691.98,,0.0,0.9692307692307692
Pathum Nissanka,Sri Lanka,52,52,2,1414,28.28,112.44,0,11,0,0.0,0,0.0,0.0,0,0,0,27.192307692307693,550,158990.16,,0.0,1.0
Charith Asalanka,Sri Lanka,61,56,2,1397,25.86,121.2,0,8,0,0.0,0,0.0,0.0,0,0,0,22.901639344262296,400,169316.4,,0.0,0.9180327868852459
Wanindu Hasaranga,Sri Lanka,66,42,11,553,17.83,138.12,0,1,64,238.0,104,15.18,6.63,04-Sep,3,0,8.378787878787879,50,76380.36,13.73076923076923,689.52,1.606060606060606
Dasun Shanaka,Sri Lanka,97,81,27,1453,26.9,119.82,0,5,46,107.4,27,35.77,8.97,Mar-16,0,0,14.97938144329897,250,174098.46,23.86666666666667,242.19000000000003,1.309278350515464
Dhananjaya de Silva,Sri Lanka,45,44,2,984,23.42,120.29,0,6,30,71.3,14,38.5,7.55,Feb-22,0,0,21.866666666666667,300,118365.36,30.557142857142853,105.7,1.6444444444444444
Maheesh Theekshana,Sri Lanka,50,12,8,24,6.0,82.75,0,0,50,178.0,51,24.78,7.09,Mar-17,0,0,0.48,0,1986.0,20.941176470588236,361.59,1.24
Matheesha Pathirana,Sri Lanka,10,2,2,4,0.0,66.66,0,0,10,37.0,13,25.53,8.97,Mar-24,0,0,0.4,0,266.64,17.076923076923077,116.61000000000001,1.2
Dilshan Madushanka,Sri Lanka,25,3,2,5,5.0,83.33,0,0,25,89.5,31,24.45,8.44,Mar-20,0,0,0.2,0,416.65,17.322580645161292,261.64,1.12
Lahiru Kumara,Sri Lanka,31,4,2,9,4.5,100.0,0,0,31,109.3,38,29.05,10.07,Mar-20,0,0,0.2903225806451613,0,900.0,17.257894736842104,382.66,1.1290322580645162
Binura Fernando,Sri Lanka,19,6,3,23,7.66,102.22,0,0,19,62.0,25,26.88,10.84,Mar-22,0,0,1.2105263157894737,0,2351.06,14.88,271.0,1.3157894736842106
Pramod Madushan,Sri Lanka,14,1,0,1,1.0,50.0,0,0,14,51.0,17,29.7,9.88,Mar-36,0,0,0.07142857142857142,0,50.0,18.0,167.96,1.0714285714285714
Sadeera Samarawickrama,Sri Lanka,20,17,3,315,22.5,116.36,0,1,0,0.0,0,0.0,0.0,0,0,0,15.75,50,36653.4,,0.0,0.85
Bhanuka Rajapaksa,Sri Lanka,35,31,1,677,22.56,134.56,0,3,0,0.0,0,0.0,0.0,0,0,0,19.34285714285714,150,91097.12,,0.0,0.8857142857142857
Kasun Rajitha,Sri Lanka,23,2,2,1,0.0,25.0,0,0,23,82.0,20,35.45,8.65,Mar-17,0,0,0.043478260869565216,0,25.0,24.6,173.0,1.0869565217391304
Rovman Powell,West Indies,72,61,13,1226,25.54,144.71,0,5,6,8.4,2,23.0,5.3,01-Jun,0,0,17.02777777777778,250,177414.46000000002,25.200000000000003,10.6,0.9305555555555556
Nicholas Pooran,West Indies,93,88,10,1920,24.61,134.51,0,11,0,0.0,0,0.0,0.0,0,0,0,20.64516129032258,550,258259.19999999998,,0.0,0.946236559139785
Brandon King,West Indies,47,46,1,1140,25.33,129.73,0,8,0,0.0,0,0.0,0.0,0,0,0,24.25531914893617,400,147892.19999999998,,0.0,0.9787234042553191
Johnson Charles,West Indies,47,46,0,1078,23.43,131.53,1,4,0,0.0,0,0.0,0.0,0,0,0,22.93617021276596,300,141789.34,,0.0,0.9787234042553191
Shai Hope,West Indies,27,26,6,539,26.95,136.46,0,3,0,0.0,0,0.0,0.0,0,0,0,19.962962962962962,150,73551.94,,0.0,0.9629629629629629
Andre Russell,West Indies,74,61,16,951,21.13,156.0,0,2,60,177.0,46,34.06,8.85,Mar-19,0,0,12.85135135135135,100,148356.0,23.08695652173913,407.09999999999997,1.635135135135135
Sherfane Rutherford,West Indies,17,13,5,226,28.25,134.52,0,2,0,0.0,0,0.0,0.0,0,0,0,13.294117647058824,100,30401.520000000004,,0.0,0.7647058823529411
Jason Holder,West Indies,69,47,15,439,13.72,123.03,0,0,67,235.0,65,27.07,7.48,May-27,2,1,6.36231884057971,0,54010.17,21.692307692307693,486.20000000000005,1.6521739130434783
Romario Shepherd,West Indies,42,30,11,301,15.84,154.64,0,0,42,143.2,48,25.79,8.62,Apr-31,1,0,7.166666666666667,0,46546.64,17.9,413.76,1.7142857142857142
Akeal Hosein,West Indies,52,14,6,153,19.12,122.83,0,0,52,186.0,43,23.83,6.07,Apr-30,1,0,2.9423076923076925,0,18792.989999999998,25.953488372093023,261.01,1.2692307692307692
Gudakesh Motie,West Indies,17,5,3,15,7.5,100.0,0,0,17,64.0,25,14.48,5.65,Mar-22,0,0,0.8823529411764706,0,1500.0,15.36,141.25,1.2941176470588236
Alzarri Joseph,West Indies,29,8,6,40,20.0,114.28,0,0,29,105.3,42,24.38,9.71,May-40,2,1,1.3793103448275863,0,4571.2,15.042857142857141,407.82000000000005,1.2758620689655173
Obed McCoy,West Indies,38,10,6,19,4.75,73.07,0,0,38,134.0,59,20.88,9.18,Jun-17,1,1,0.5,0,1388.33,13.627118644067796,541.62,1.263157894736842
Shamar Joseph,West Indies,1,1,0,0,0.0,0.0,0,0,1,4.0,2,11.0,5.5,Feb-22,0,0,0.0,0,0.0,12.0,11.0,2.0
Roston Chase,West Indies,11,9,2,126,18.0,108.62,0,0,9,30.0,8,28.0,7.46,Mar-25,0,0,11.454545454545455,0,13686.12,22.5,59.68,1.6363636363636365
Sikandar Raza,Zimbabwe,86,81,12,1611,23.34,133.19,0,10,68,217.0,59,25.25,6.86,04-Aug,1,0,18.732558139534884,500,214569.09,22.06779661016949,404.74,1.7325581395348837
Craig Ervine,Zimbabwe,66,64,4,1181,19.68,104.15,0,7,0,0.0,0,0.0,0.0,0,0,0,17.893939393939394,350,123001.15000000001,,0.0,0.9696969696969697
Sean Williams,Zimbabwe,68,64,7,1484,26.03,129.25,0,10,30,78.0,43,21.37,11.78,Mar-15,0,0,21.823529411764707,500,191807.0,10.883720930232558,506.53999999999996,1.3823529411764706
Wessly Madhevere,Zimbabwe,57,56,1,1130,20.54,120.63,0,7,17,33.0,12,25.08,9.12,02-Aug,0,0,19.82456140350877,350,136311.9,16.5,109.44,1.280701754385965
Milton Shumba,Zimbabwe,32,30,2,456,16.29,106.54,0,2,10,24.0,4,31.75,5.29,Feb-16,0,0,14.25,100,48582.240000000005,36.0,21.16,1.25
Ryan Burl,Zimbabwe,66,57,15,1104,26.28,135.29,0,4,35,64.3,20,29.15,9.04,Mar-29,0,0,16.727272727272727,200,149360.16,19.29,180.79999999999998,1.393939393939394
Tadiwanashe Marumani,Zimbabwe,26,25,0,481,19.24,115.62,0,3,0,0.0,0,0.0,0.0,0,0,0,18.5,150,55613.22,,0.0,0.9615384615384616
Innocent Kaia,Zimbabwe,17,17,1,338,21.12,108.65,0,2,0,0.0,0,0.0,0.0,0,0,0,19.88235294117647,100,36723.700000000004,,0.0,1.0
Clive Madande,Zimbabwe,23,19,4,273,18.2,109.21,0,0,0,0.0,0,0.0,0.0,0,0,0,11.869565217391305,0,29814.329999999998,,0.0,0.8260869565217391
Donald Tiripano,Zimbabwe,23,9,6,47,15.66,97.91,0,0,23,79.2,25,28.52,8.99,Mar-20,0,0,2.0434782608695654,0,4601.7699999999995,19.008000000000003,224.75,1.391304347826087
Richard Ngarava,Zimbabwe,49,10,6,30,7.5,85.71,0,0,49,174.2,48,29.18,8.03,Feb-13,0,0,0.6122448979591837,0,2571.2999999999997,21.774999999999995,385.43999999999994,1.2040816326530612
Wellington Masakadza,Zimbabwe,39,7,6,13,13.0,100.0,0,0,39,122.2,34,30.91,8.59,Feb-20,0,0,0.3333333333333333,0,1300.0,21.564705882352943,292.06,1.1794871794871795
Blessing Muzarabani,Zimbabwe,41,6,4,17,8.5,94.44,0,0,41,147.0,45,26.77,8.19,Mar-23,0,0,0.4146341463414634,0,1605.48,19.6,368.54999999999995,1.146341463414634
Luke Jongwe,Zimbabwe,57,30,12,398,22.11,133.44,0,0,56,191.4,56,25.64,7.48,Apr-18,1,0,6.982456140350878,0,53109.12,20.50714285714286,418.88,1.5087719298245614
Tendai Chatara,Zimbabwe,54,4,2,8,4.0,100.0,0,0,54,188.4,56,24.5,7.27,Mar-14,0,0,0.14814814814814814,0,800.0,20.185714285714287,407.12,1.0740740740740742
Suryakumar Yadav,India,60,56,4,2141,41.17,171.55,4,17,2,2.0,1,12.0,6.0,01-Jul,0,0,35.68333333333333,1250,367288.55000000005,12.0,6.0,0.9666666666666667
Ruturaj Gaikwad,India,19,18,2,500,31.25,140.84,1,2,0,0.0,0,0.0,0.0,0,0,0,26.31578947368421,200,70420.0,,0.0,0.9473684210526315
Shubman Gill,India,14,14,0,335,23.93,147.57,1,1,0,0.0,0,0.0,0.0,0,0,0,23.928571428571427,150,49435.95,,0.0,1.0
Rinku Singh,India,15,11,6,356,71.2,176.23,0,2,0,0.0,0,0.0,0.0,0,0,0,23.733333333333334,100,62737.88,,0.0,0.7333333333333333
Sanju Samson,India,25,22,2,374,18.7,133.57,0,1,0,0.0,0,0.0,0.0,0,0,0,14.96,50,49955.18,,0.0,0.88
Hardik Pandya,India,92,71,20,1348,26.43,139.83,0,3,78,265.5,73,27.33,7.5,Apr-16,1,0,14.652173913043478,150,188490.84000000003,21.82191780821918,547.5,1.6195652173913044
Axar Patel,India,57,31,15,361,22.56,139.3,0,1,56,206.0,49,26.18,6.23,03-Sep,0,0,6.333333333333333,50,50287.3,25.224489795918366,305.27000000000004,1.5263157894736843
Ravi Bishnoi,India,24,4,3,12,12.0,85.71,0,0,23,87.0,36,18.25,7.55,Apr-16,2,0,0.5,0,1028.52,14.5,271.8,1.125
Arshdeep Singh,India,44,6,3,19,6.33,105.55,0,0,43,149.3,62,19.95,8.28,Apr-37,2,0,0.4318181818181818,0,2005.45,14.448387096774194,513.36,1.1136363636363635
Mukesh Kumar,India,15,3,2,3,3.0,100.0,0,0,15,52.0,12,35.41,8.17,Mar-32,0,0,0.2,0,300.0,26.0,98.03999999999999,1.2
Kuldeep Yadav,India,35,6,3,17,8.5,121.42,0,0,33,123.0,59,14.41,6.9,May-17,2,1,0.4857142857142857,0,2064.14,12.508474576271187,407.1,1.1142857142857143
Yashasvi Jaiswal,India,17,17,0,502,29.52,161.93,1,4,0,0.0,0,0.0,0.0,0,0,0,29.529411764705884,300,81288.86,,0.0,1.0
Washington Sundar,India,38,23,11,107,8.91,127.38,0,1,37,132.0,31,31.0,7.27,Mar-22,0,0,2.8157894736842106,50,13629.66,25.548387096774192,225.36999999999998,1.5789473684210527
Shivam Dube,India,21,15,5,276,27.6,145.45,0,1,10,22.3,8,33.25,11.81,Mar-19,0,0,13.142857142857142,50,40144.2,16.725,94.48,1.1904761904761905
Jasprit Bumrah,India,62,6,4,62,31.0,124.0,0,0,61,222.0,74,20.22,6.57,03-Nov,0,0,1.0,0,7688.0,18.0,486.18,1.0806451612903225
Glenn Maxwell,Australia,106,98,15,2468,29.73,155.88,5,10,71,138.0,39,29.79,8.42,03-Oct,0,0,23.28301886792453,1000,384711.83999999997,21.23076923076923,328.38,1.5943396226415094
Marcus Stoinis,Australia,62,54,17,1077,29.1,146.88,0,4,34,84.5,29,31.31,10.7,Mar-18,0,0,17.370967741935484,200,158189.76,17.482758620689655,310.29999999999995,1.4193548387096775
Mitchell Marsh,Australia,57,55,8,1462,31.1,136.19,0,9,27,66.2,17,35.11,9.0,Mar-24,0,0,25.649122807017545,450,199109.78,23.364705882352943,153.0,1.4385964912280702
David Warner,Australia,103,103,9,3155,34.05,142.65,1,28,0,0.0,0,0.0,0.0,0,0,0,30.631067961165048,1500,450060.75,,0.0,1.0
Travis Head,Australia,30,30,3,656,24.29,151.15,0,3,2,1.0,0,21.0,21.0,0/21,0,0,21.866666666666667,150,99154.40000000001,,0.0,1.0666666666666667
Tim David,Australia,38,36,13,975,42.39,160.24,0,6,0,0.0,0,0.0,0.0,0,0,0,25.657894736842106,300,156234.0,,0.0,0.9473684210526315
Matthew Wade,Australia,84,68,14,1190,22.03,134.91,0,4,0,0.0,0,0.0,0.0,0,0,0,14.166666666666666,200,160542.9,,0.0,0.8095238095238095
Josh Inglis,Australia,24,23,0,634,27.56,154.93,1,3,0,0.0,0,0.0,0.0,0,0,0,26.416666666666668,250,98225.62000000001,,0.0,0.9583333333333334
Pat Cummins,Australia,52,13,6,122,17.42,145.23,0,0,51,182.1,57,24.12,7.54,Mar-15,0,0,2.3461538461538463,0,17718.059999999998,19.168421052631576,429.78000000000003,1.2307692307692308
Adam Zampa,Australia,82,17,6,45,4.09,93.75,0,0,81,292.5,91,22.09,6.86,04-Aug,2,0,0.5487804878048781,0,4218.75,19.285714285714285,624.26,1.1951219512195121
Nathan Ellis,Australia,16,6,5,26,26.0,108.33,0,0,16,57.5,24,19.5,8.09,Apr-28,1,0,1.625,0,2816.58,14.375,194.16,1.375
Sean Abbott,Australia,19,11,5,89,14.83,147.45,0,0,19,60.3,26,18.57,7.98,Apr-31,1,0,4.684210526315789,0,13123.05,13.915384615384614,207.48000000000002,1.5789473684210527
Ashton Agar,Australia,47,18,10,191,23.87,118.4,0,0,47,167.4,48,22.44,6.42,Mar-16,0,0,4.0638297872340425,0,22614.4,20.925,308.15999999999997,1.3829787234042554
Mitchell Starc,Australia,65,13,7,69,11.5,124.07,0,0,65,238.1,79,22.37,7.41,Mar-20,0,0,1.0615384615384615,0,8560.83,18.083544303797467,585.39,1.2
Josh Hazlewood,Australia,52,5,5,15,0.0,100.0,0,0,51,187.0,65,23.6,8.2,04-Dec,1,0,0.28846153846153844,0,1500.0,17.26153846153846,533.0,1.0769230769230769
